{
    "maps": [
        {
            "mapSize": {
                "x": 10,
                "y": 10
            },
            "obsDensity": 0.3499999940395355,
            "foregroundColor": {
                "r": 1.0,
                "g": 0.0,
                "b": 0.7853517532348633,
                "a": 0.5803921818733215
            },
            "backgroundColor": {
                "r": 0.0,
                "g": 0.10303211212158203,
                "b": 1.0,
                "a": 0.7215686440467835
            },
            "tileOutlinePercent": 0.16300000250339509,
            "obsOutlinePercent": 0.1599999964237213,
            "obsHeightLimit": {
                "x": 1.0,
                "y": 5.0
            }
        },
        {
            "mapSize": {
                "x": 20,
                "y": 20
            },
            "obsDensity": 0.18000000715255738,
            "foregroundColor": {
                "r": 0.0,
                "g": 0.23097991943359376,
                "b": 1.0,
                "a": 0.5803921818733215
            },
            "backgroundColor": {
                "r": 0.0,
                "g": 1.0,
                "b": 0.8240804672241211,
                "a": 0.7215686440467835
            },
            "tileOutlinePercent": 0.16300000250339509,
            "obsOutlinePercent": 0.1599999964237213,
            "obsHeightLimit": {
                "x": 1.0,
                "y": 8.0
            }
        },
        {
            "mapSize": {
                "x": 28,
                "y": 28
            },
            "obsDensity": 0.18000000715255738,
            "foregroundColor": {
                "r": 0.0,
                "g": 1.0,
                "b": 0.07514190673828125,
                "a": 0.772549033164978
            },
            "backgroundColor": {
                "r": 0.78999924659729,
                "g": 1.0,
                "b": 0.0,
                "a": 0.7215686440467835
            },
            "tileOutlinePercent": 0.16300000250339509,
            "obsOutlinePercent": 0.1599999964237213,
            "obsHeightLimit": {
                "x": 1.0,
                "y": 8.0
            }
        }
    ]
}
